label;cv_fold;time;percentage;R2;RMSE;test_monomerA
0;0;42;0.01;0.558652461;0.348996521;[*:1]c1cc(F)c([*:2])cc1F
0;0;42;0.02;0.36456753;0.418760245;[*:1]c1cc(F)c([*:2])cc1F
0;0;42;0.04;0.703586867;0.286008845;[*:1]c1cc(F)c([*:2])cc1F
0;0;42;0.1;0.846980379;0.20549644;[*:1]c1cc(F)c([*:2])cc1F
0;0;42;0.2;0.858711111;0.197462553;[*:1]c1cc(F)c([*:2])cc1F
1;0;42;0.01;0.707053048;0.281950784;[*:1]c1cc(F)c([*:2])cc1F
1;0;42;0.02;0.799341168;0.23335008;[*:1]c1cc(F)c([*:2])cc1F
1;0;42;0.04;0.802827785;0.231313869;[*:1]c1cc(F)c([*:2])cc1F
1;0;42;0.1;0.891710791;0.171423913;[*:1]c1cc(F)c([*:2])cc1F
1;0;42;0.2;0.891681749;0.171446898;[*:1]c1cc(F)c([*:2])cc1F
0;0;421;0.01;0.686975875;0.293913577;[*:1]c1cc(F)c([*:2])cc1F
0;0;421;0.02;0.62879953;0.320062654;[*:1]c1cc(F)c([*:2])cc1F
0;0;421;0.04;0.846391029;0.205891792;[*:1]c1cc(F)c([*:2])cc1F
0;0;421;0.1;0.928542083;0.140428714;[*:1]c1cc(F)c([*:2])cc1F
0;0;421;0.2;0.957938265;0.107739346;[*:1]c1cc(F)c([*:2])cc1F
1;0;421;0.01;0.634678185;0.314859366;[*:1]c1cc(F)c([*:2])cc1F
1;0;421;0.02;0.735723402;0.267798517;[*:1]c1cc(F)c([*:2])cc1F
1;0;421;0.04;0.826232373;0.217151707;[*:1]c1cc(F)c([*:2])cc1F
1;0;421;0.1;0.944567564;0.122648092;[*:1]c1cc(F)c([*:2])cc1F
1;0;421;0.2;0.956725035;0.108367031;[*:1]c1cc(F)c([*:2])cc1F
0;0;422;0.01;0.695013315;0.290115667;[*:1]c1cc(F)c([*:2])cc1F
0;0;422;0.02;0.693716999;0.290731568;[*:1]c1cc(F)c([*:2])cc1F
0;0;422;0.04;0.713137791;0.281363276;[*:1]c1cc(F)c([*:2])cc1F
0;0;422;0.1;0.846193781;0.206023942;[*:1]c1cc(F)c([*:2])cc1F
0;0;422;0.2;0.830957735;0.21598739;[*:1]c1cc(F)c([*:2])cc1F
1;0;422;0.01;0.520207942;0.360832246;[*:1]c1cc(F)c([*:2])cc1F
1;0;422;0.02;0.717436455;0.276908878;[*:1]c1cc(F)c([*:2])cc1F
1;0;422;0.04;0.798890532;0.23361196;[*:1]c1cc(F)c([*:2])cc1F
1;0;422;0.1;0.856969646;0.197012109;[*:1]c1cc(F)c([*:2])cc1F
1;0;422;0.2;0.929568236;0.13824935;[*:1]c1cc(F)c([*:2])cc1F
0;1;42;0.01;0.562777668;0.263165519;[*:1]c1cc2cc3sc([*:2])cc3cc2s1
0;1;42;0.02;0.635548343;0.240269023;[*:1]c1cc2cc3sc([*:2])cc3cc2s1
0;1;42;0.04;0.620347951;0.245228359;[*:1]c1cc2cc3sc([*:2])cc3cc2s1
0;1;42;0.1;0.924444521;0.109398357;[*:1]c1cc2cc3sc([*:2])cc3cc2s1
0;1;42;0.2;0.945937386;0.092539327;[*:1]c1cc2cc3sc([*:2])cc3cc2s1
1;1;42;0.01;0.15978298;0.205294015;[*:1]c1cc2cc3sc([*:2])cc3cc2s1
1;1;42;0.02;-0.010877929;0.225180048;[*:1]c1cc2cc3sc([*:2])cc3cc2s1
1;1;42;0.04;0.784263259;0.104026169;[*:1]c1cc2cc3sc([*:2])cc3cc2s1
1;1;42;0.1;0.855702947;0.085076435;[*:1]c1cc2cc3sc([*:2])cc3cc2s1
1;1;42;0.2;0.919463095;0.063559141;[*:1]c1cc2cc3sc([*:2])cc3cc2s1
0;1;421;0.01;0.667976238;0.229330808;[*:1]c1cc2cc3sc([*:2])cc3cc2s1
0;1;421;0.02;0.722929412;0.209494696;[*:1]c1cc2cc3sc([*:2])cc3cc2s1
0;1;421;0.04;0.797652066;0.179030575;[*:1]c1cc2cc3sc([*:2])cc3cc2s1
0;1;421;0.1;0.932838289;0.103142747;[*:1]c1cc2cc3sc([*:2])cc3cc2s1
0;1;421;0.2;0.927239661;0.107355716;[*:1]c1cc2cc3sc([*:2])cc3cc2s1
1;1;421;0.01;0.566650685;0.147434665;[*:1]c1cc2cc3sc([*:2])cc3cc2s1
1;1;421;0.02;0.559585139;0.14863173;[*:1]c1cc2cc3sc([*:2])cc3cc2s1
1;1;421;0.04;0.725781908;0.117281255;[*:1]c1cc2cc3sc([*:2])cc3cc2s1
1;1;421;0.1;0.838639129;0.08996626;[*:1]c1cc2cc3sc([*:2])cc3cc2s1
1;1;421;0.2;0.922936869;0.062173294;[*:1]c1cc2cc3sc([*:2])cc3cc2s1
0;1;422;0.01;0.633887771;0.240815777;[*:1]c1cc2cc3sc([*:2])cc3cc2s1
0;1;422;0.02;0.796458274;0.179557911;[*:1]c1cc2cc3sc([*:2])cc3cc2s1
0;1;422;0.04;0.86968988;0.143670264;[*:1]c1cc2cc3sc([*:2])cc3cc2s1
0;1;422;0.1;0.935299811;0.101234978;[*:1]c1cc2cc3sc([*:2])cc3cc2s1
0;1;422;0.2;0.953073428;0.086215873;[*:1]c1cc2cc3sc([*:2])cc3cc2s1
1;1;422;0.01;0.40086198;0.173358041;[*:1]c1cc2cc3sc([*:2])cc3cc2s1
1;1;422;0.02;0.574340344;0.146120717;[*:1]c1cc2cc3sc([*:2])cc3cc2s1
1;1;422;0.04;0.521453741;0.154932494;[*:1]c1cc2cc3sc([*:2])cc3cc2s1
1;1;422;0.1;0.832830336;0.09157128;[*:1]c1cc2cc3sc([*:2])cc3cc2s1
1;1;422;0.2;0.885245794;0.075869087;[*:1]c1cc2cc3sc([*:2])cc3cc2s1
0;2;42;0.01;0.663045216;0.233086081;[*:1]c1cc2ccc3cc([*:2])cc4ccc(c1)c2c34
0;2;42;0.02;0.671083893;0.230288949;[*:1]c1cc2ccc3cc([*:2])cc4ccc(c1)c2c34
0;2;42;0.04;0.729542266;0.208823913;[*:1]c1cc2ccc3cc([*:2])cc4ccc(c1)c2c34
0;2;42;0.1;0.805829676;0.176938342;[*:1]c1cc2ccc3cc([*:2])cc4ccc(c1)c2c34
0;2;42;0.2;0.854857749;0.152977463;[*:1]c1cc2ccc3cc([*:2])cc4ccc(c1)c2c34
1;2;42;0.01;0.109930109;0.197156472;[*:1]c1cc2ccc3cc([*:2])cc4ccc(c1)c2c34
1;2;42;0.02;0.506855943;0.146752627;[*:1]c1cc2ccc3cc([*:2])cc4ccc(c1)c2c34
1;2;42;0.04;0.594860061;0.133015274;[*:1]c1cc2ccc3cc([*:2])cc4ccc(c1)c2c34
1;2;42;0.1;0.870257068;0.075273279;[*:1]c1cc2ccc3cc([*:2])cc4ccc(c1)c2c34
1;2;42;0.2;0.897628241;0.066863494;[*:1]c1cc2ccc3cc([*:2])cc4ccc(c1)c2c34
0;2;421;0.01;0.591582503;0.256615389;[*:1]c1cc2ccc3cc([*:2])cc4ccc(c1)c2c34
0;2;421;0.02;0.544955271;0.270867919;[*:1]c1cc2ccc3cc([*:2])cc4ccc(c1)c2c34
0;2;421;0.04;0.793417875;0.182505895;[*:1]c1cc2ccc3cc([*:2])cc4ccc(c1)c2c34
0;2;421;0.1;0.891870104;0.132039362;[*:1]c1cc2ccc3cc([*:2])cc4ccc(c1)c2c34
0;2;421;0.2;0.906162203;0.123004055;[*:1]c1cc2ccc3cc([*:2])cc4ccc(c1)c2c34
1;2;421;0.01;-0.040998849;0.213218119;[*:1]c1cc2ccc3cc([*:2])cc4ccc(c1)c2c34
1;2;421;0.02;0.679960373;0.118222697;[*:1]c1cc2ccc3cc([*:2])cc4ccc(c1)c2c34
1;2;421;0.04;0.78108648;0.097776677;[*:1]c1cc2ccc3cc([*:2])cc4ccc(c1)c2c34
1;2;421;0.1;0.821681343;0.088246477;[*:1]c1cc2ccc3cc([*:2])cc4ccc(c1)c2c34
1;2;421;0.2;0.910731793;0.062437771;[*:1]c1cc2ccc3cc([*:2])cc4ccc(c1)c2c34
0;2;422;0.01;0.479443805;0.289710567;[*:1]c1cc2ccc3cc([*:2])cc4ccc(c1)c2c34
0;2;422;0.02;0.768297495;0.193283994;[*:1]c1cc2ccc3cc([*:2])cc4ccc(c1)c2c34
0;2;422;0.04;0.833552721;0.163820737;[*:1]c1cc2ccc3cc([*:2])cc4ccc(c1)c2c34
0;2;422;0.1;0.862017068;0.149156853;[*:1]c1cc2ccc3cc([*:2])cc4ccc(c1)c2c34
0;2;422;0.2;0.922949133;0.111460065;[*:1]c1cc2ccc3cc([*:2])cc4ccc(c1)c2c34
1;2;422;0.01;0.266551152;0.178971508;[*:1]c1cc2ccc3cc([*:2])cc4ccc(c1)c2c34
1;2;422;0.02;-1.347.137.568;0.320160873;[*:1]c1cc2ccc3cc([*:2])cc4ccc(c1)c2c34
1;2;422;0.04;0.811755027;0.090669387;[*:1]c1cc2ccc3cc([*:2])cc4ccc(c1)c2c34
1;2;422;0.1;0.879339321;0.072590847;[*:1]c1cc2ccc3cc([*:2])cc4ccc(c1)c2c34
1;2;422;0.2;0.87914496;0.072649289;[*:1]c1cc2ccc3cc([*:2])cc4ccc(c1)c2c34
0;3;42;0.01;0.707918168;0.198105315;[*:1]c1ccc(-c2ccc([*:2])s2)s1
0;3;42;0.02;0.787824385;0.168846316;[*:1]c1ccc(-c2ccc([*:2])s2)s1
0;3;42;0.04;0.865681419;0.134342029;[*:1]c1ccc(-c2ccc([*:2])s2)s1
0;3;42;0.1;0.911614427;0.108976924;[*:1]c1ccc(-c2ccc([*:2])s2)s1
0;3;42;0.2;0.945502249;0.085572288;[*:1]c1ccc(-c2ccc([*:2])s2)s1
1;3;42;0.01;-3.415.029.764;0.554901629;[*:1]c1ccc(-c2ccc([*:2])s2)s1
1;3;42;0.02;0.119279286;0.247838223;[*:1]c1ccc(-c2ccc([*:2])s2)s1
1;3;42;0.04;0.659837736;0.154025366;[*:1]c1ccc(-c2ccc([*:2])s2)s1
1;3;42;0.1;0.755031028;0.130708768;[*:1]c1ccc(-c2ccc([*:2])s2)s1
1;3;42;0.2;0.833554623;0.107742004;[*:1]c1ccc(-c2ccc([*:2])s2)s1
0;3;421;0.01;0.39804795;0.284396865;[*:1]c1ccc(-c2ccc([*:2])s2)s1
0;3;421;0.02;0.572452189;0.23968243;[*:1]c1ccc(-c2ccc([*:2])s2)s1
0;3;421;0.04;0.66004798;0.213723692;[*:1]c1ccc(-c2ccc([*:2])s2)s1
0;3;421;0.1;0.885459127;0.124057807;[*:1]c1ccc(-c2ccc([*:2])s2)s1
0;3;421;0.2;0.927605336;0.098627297;[*:1]c1ccc(-c2ccc([*:2])s2)s1
1;3;421;0.01;0.40957437;0.202923238;[*:1]c1ccc(-c2ccc([*:2])s2)s1
1;3;421;0.02;0.631631487;0.160284096;[*:1]c1ccc(-c2ccc([*:2])s2)s1
1;3;421;0.04;0.725802885;0.138286767;[*:1]c1ccc(-c2ccc([*:2])s2)s1
1;3;421;0.1;0.704112735;0.143652212;[*:1]c1ccc(-c2ccc([*:2])s2)s1
1;3;421;0.2;0.810727962;0.114892694;[*:1]c1ccc(-c2ccc([*:2])s2)s1
0;3;422;0.01;0.222166201;0.32328627;[*:1]c1ccc(-c2ccc([*:2])s2)s1
0;3;422;0.02;0.075862173;0.352380794;[*:1]c1ccc(-c2ccc([*:2])s2)s1
0;3;422;0.04;0.461471036;0.26899759;[*:1]c1ccc(-c2ccc([*:2])s2)s1
0;3;422;0.1;0.727531679;0.191338279;[*:1]c1ccc(-c2ccc([*:2])s2)s1
0;3;422;0.2;0.946906191;0.084462863;[*:1]c1ccc(-c2ccc([*:2])s2)s1
1;3;422;0.01;-0.100662609;0.277061568;[*:1]c1ccc(-c2ccc([*:2])s2)s1
1;3;422;0.02;0.472455716;0.191813267;[*:1]c1ccc(-c2ccc([*:2])s2)s1
1;3;422;0.04;0.620880385;0.162606278;[*:1]c1ccc(-c2ccc([*:2])s2)s1
1;3;422;0.1;0.623739816;0.161991905;[*:1]c1ccc(-c2ccc([*:2])s2)s1
1;3;422;0.2;0.825749355;0.110239283;[*:1]c1ccc(-c2ccc([*:2])s2)s1
0;4;42;0.01;-2.887.002.932;0.478718683;[*:1]c1ccc([*:2])c2nsnc12
0;4;42;0.02;-3.927.294.495;0.538985651;[*:1]c1ccc([*:2])c2nsnc12
0;4;42;0.04;-4.029.233.951;0.544532572;[*:1]c1ccc([*:2])c2nsnc12
0;4;42;0.1;0.616591977;0.150350038;[*:1]c1ccc([*:2])c2nsnc12
0;4;42;0.2;0.673459513;0.138752706;[*:1]c1ccc([*:2])c2nsnc12
1;4;42;0.01;0.684606996;0.217108142;[*:1]c1ccc([*:2])c2nsnc12
1;4;42;0.02;0.694364942;0.213723199;[*:1]c1ccc([*:2])c2nsnc12
1;4;42;0.04;0.562686254;0.2556505;[*:1]c1ccc([*:2])c2nsnc12
1;4;42;0.1;0.913143949;0.113933155;[*:1]c1ccc([*:2])c2nsnc12
1;4;42;0.2;0.95104337;0.08553736;[*:1]c1ccc([*:2])c2nsnc12
0;4;421;0.01;-0.697653252;0.316371562;[*:1]c1ccc([*:2])c2nsnc12
0;4;421;0.02;-0.767434212;0.32280821;[*:1]c1ccc([*:2])c2nsnc12
0;4;421;0.04;-0.025765751;0.245921807;[*:1]c1ccc([*:2])c2nsnc12
0;4;421;0.1;0.504372888;0.170942665;[*:1]c1ccc([*:2])c2nsnc12
0;4;421;0.2;0.614515198;0.150756683;[*:1]c1ccc([*:2])c2nsnc12
1;4;421;0.01;0.669330841;0.222303821;[*:1]c1ccc([*:2])c2nsnc12
1;4;421;0.02;0.749648395;0.193430642;[*:1]c1ccc([*:2])c2nsnc12
1;4;421;0.04;0.77157163;0.184767296;[*:1]c1ccc([*:2])c2nsnc12
1;4;421;0.1;0.796007109;0.174605371;[*:1]c1ccc([*:2])c2nsnc12
1;4;421;0.2;0.834507611;0.15726754;[*:1]c1ccc([*:2])c2nsnc12
0;4;422;0.01;-0.943060225;0.338466799;[*:1]c1ccc([*:2])c2nsnc12
0;4;422;0.02;-0.647791917;0.311690903;[*:1]c1ccc([*:2])c2nsnc12
0;4;422;0.04;-0.350127548;0.282137194;[*:1]c1ccc([*:2])c2nsnc12
0;4;422;0.1;0.324017696;0.199636803;[*:1]c1ccc([*:2])c2nsnc12
0;4;422;0.2;0.628440791;0.148008602;[*:1]c1ccc([*:2])c2nsnc12
1;4;422;0.01;0.617672427;0.239038521;[*:1]c1ccc([*:2])c2nsnc12
1;4;422;0.02;0.80886396;0.169013492;[*:1]c1ccc([*:2])c2nsnc12
1;4;422;0.04;0.844364313;0.152512232;[*:1]c1ccc([*:2])c2nsnc12
1;4;422;0.1;0.936927982;0.097088646;[*:1]c1ccc([*:2])c2nsnc12
1;4;422;0.2;0.962584842;0.074778005;[*:1]c1ccc([*:2])c2nsnc12
0;5;42;0.01;-0.003922326;0.618169181;[*:1]c1ccc([*:2])cc1
0;5;42;0.02;0.016891737;0.611727446;[*:1]c1ccc([*:2])cc1
0;5;42;0.04;0.330739471;0.504725096;[*:1]c1ccc([*:2])cc1
0;5;42;0.1;0.564793989;0.407009677;[*:1]c1ccc([*:2])cc1
0;5;42;0.2;0.861391932;0.229695003;[*:1]c1ccc([*:2])cc1
1;5;42;0.01;0.598354303;0.269698814;[*:1]c1ccc([*:2])cc1
1;5;42;0.02;0.799507879;0.190548762;[*:1]c1ccc([*:2])cc1
1;5;42;0.04;0.786645023;0.196566211;[*:1]c1ccc([*:2])cc1
1;5;42;0.1;0.779343044;0.199901608;[*:1]c1ccc([*:2])cc1
1;5;42;0.2;0.923892149;0.117401111;[*:1]c1ccc([*:2])cc1
0;5;421;0.01;0.605693853;0.38741289;[*:1]c1ccc([*:2])cc1
0;5;421;0.02;0.525506287;0.424983945;[*:1]c1ccc([*:2])cc1
0;5;421;0.04;0.617226152;0.381705504;[*:1]c1ccc([*:2])cc1
0;5;421;0.1;0.821808077;0.26043617;[*:1]c1ccc([*:2])cc1
0;5;421;0.2;0.916957024;0.177790579;[*:1]c1ccc([*:2])cc1
1;5;421;0.01;0.638098485;0.256007494;[*:1]c1ccc([*:2])cc1
1;5;421;0.02;0.653808133;0.250389382;[*:1]c1ccc([*:2])cc1
1;5;421;0.04;0.818277902;0.181410052;[*:1]c1ccc([*:2])cc1
1;5;421;0.1;0.874606405;0.15069372;[*:1]c1ccc([*:2])cc1
1;5;421;0.2;0.948562965;0.096515139;[*:1]c1ccc([*:2])cc1
0;5;422;0.01;-0.679961522;0.799662923;[*:1]c1ccc([*:2])cc1
0;5;422;0.02;0.076801957;0.592795271;[*:1]c1ccc([*:2])cc1
0;5;422;0.04;0.41567142;0.471613097;[*:1]c1ccc([*:2])cc1
0;5;422;0.1;0.786462595;0.285098067;[*:1]c1ccc([*:2])cc1
0;5;422;0.2;0.885083352;0.209145617;[*:1]c1ccc([*:2])cc1
1;5;422;0.01;0.654621365;0.250095117;[*:1]c1ccc([*:2])cc1
1;5;422;0.02;0.78396986;0.1977947;[*:1]c1ccc([*:2])cc1
1;5;422;0.04;0.857549324;0.160616343;[*:1]c1ccc([*:2])cc1
1;5;422;0.1;0.919432814;0.120791556;[*:1]c1ccc([*:2])cc1
1;5;422;0.2;0.950160316;0.095004706;[*:1]c1ccc([*:2])cc1
0;6;42;0.01;0.40868998;0.382291143;[*:1]c1ccc2c(c1)C(C)(C)c1cc([*:2])ccc1-2
0;6;42;0.02;0.766716666;0.240120077;[*:1]c1ccc2c(c1)C(C)(C)c1cc([*:2])ccc1-2
0;6;42;0.04;0.850509115;0.192217964;[*:1]c1ccc2c(c1)C(C)(C)c1cc([*:2])ccc1-2
0;6;42;0.1;0.808236709;0.217705476;[*:1]c1ccc2c(c1)C(C)(C)c1cc([*:2])ccc1-2
0;6;42;0.2;0.806031802;0.218953495;[*:1]c1ccc2c(c1)C(C)(C)c1cc([*:2])ccc1-2
1;6;42;0.01;0.585017673;0.183697154;[*:1]c1ccc2c(c1)C(C)(C)c1cc([*:2])ccc1-2
1;6;42;0.02;0.631078359;0.173202714;[*:1]c1ccc2c(c1)C(C)(C)c1cc([*:2])ccc1-2
1;6;42;0.04;0.719628515;0.150992212;[*:1]c1ccc2c(c1)C(C)(C)c1cc([*:2])ccc1-2
1;6;42;0.1;0.850655751;0.110200072;[*:1]c1ccc2c(c1)C(C)(C)c1cc([*:2])ccc1-2
1;6;42;0.2;0.670327651;0.163730236;[*:1]c1ccc2c(c1)C(C)(C)c1cc([*:2])ccc1-2
0;6;421;0.01;0.76006232;0.243520678;[*:1]c1ccc2c(c1)C(C)(C)c1cc([*:2])ccc1-2
0;6;421;0.02;0.815234387;0.213696392;[*:1]c1ccc2c(c1)C(C)(C)c1cc([*:2])ccc1-2
0;6;421;0.04;0.870885162;0.178638348;[*:1]c1ccc2c(c1)C(C)(C)c1cc([*:2])ccc1-2
0;6;421;0.1;0.911895886;0.147565458;[*:1]c1ccc2c(c1)C(C)(C)c1cc([*:2])ccc1-2
0;6;421;0.2;0.933361835;0.128335892;[*:1]c1ccc2c(c1)C(C)(C)c1cc([*:2])ccc1-2
1;6;421;0.01;0.626274865;0.174326649;[*:1]c1ccc2c(c1)C(C)(C)c1cc([*:2])ccc1-2
1;6;421;0.02;0.540397069;0.193320995;[*:1]c1ccc2c(c1)C(C)(C)c1cc([*:2])ccc1-2
1;6;421;0.04;0.484735869;0.204692807;[*:1]c1ccc2c(c1)C(C)(C)c1cc([*:2])ccc1-2
1;6;421;0.1;0.921367234;0.07996306;[*:1]c1ccc2c(c1)C(C)(C)c1cc([*:2])ccc1-2
1;6;421;0.2;0.86913083;0.103158805;[*:1]c1ccc2c(c1)C(C)(C)c1cc([*:2])ccc1-2
0;6;422;0.01;0.688823402;0.277325676;[*:1]c1ccc2c(c1)C(C)(C)c1cc([*:2])ccc1-2
0;6;422;0.02;0.611059068;0.310047648;[*:1]c1ccc2c(c1)C(C)(C)c1cc([*:2])ccc1-2
0;6;422;0.04;0.627122844;0.303577448;[*:1]c1ccc2c(c1)C(C)(C)c1cc([*:2])ccc1-2
0;6;422;0.1;0.82927118;0.205418728;[*:1]c1ccc2c(c1)C(C)(C)c1cc([*:2])ccc1-2
0;6;422;0.2;0.847288747;0.194277335;[*:1]c1ccc2c(c1)C(C)(C)c1cc([*:2])ccc1-2
1;6;422;0.01;0.472126387;0.207182278;[*:1]c1ccc2c(c1)C(C)(C)c1cc([*:2])ccc1-2
1;6;422;0.02;-0.562059909;0.356398995;[*:1]c1ccc2c(c1)C(C)(C)c1cc([*:2])ccc1-2
1;6;422;0.04;-0.087735139;0.297405644;[*:1]c1ccc2c(c1)C(C)(C)c1cc([*:2])ccc1-2
1;6;422;0.1;0.632238217;0.172930233;[*:1]c1ccc2c(c1)C(C)(C)c1cc([*:2])ccc1-2
1;6;422;0.2;0.558517533;0.189471703;[*:1]c1ccc2c(c1)C(C)(C)c1cc([*:2])ccc1-2
0;7;42;0.01;-1.198.571.592;1.287.376.984;[*:1]c1ccc2c(c1)S(=O)(=O)c1cc([*:2])ccc1-2
0;7;42;0.02;-4.058.297.053;0.803479789;[*:1]c1ccc2c(c1)S(=O)(=O)c1cc([*:2])ccc1-2
0;7;42;0.04;-1.592.503.197;0.575217966;[*:1]c1ccc2c(c1)S(=O)(=O)c1cc([*:2])ccc1-2
0;7;42;0.1;0.679472386;0.202257911;[*:1]c1ccc2c(c1)S(=O)(=O)c1cc([*:2])ccc1-2
0;7;42;0.2;0.933708043;0.091982077;[*:1]c1ccc2c(c1)S(=O)(=O)c1cc([*:2])ccc1-2
1;7;42;0.01;0.579922082;0.2429227;[*:1]c1ccc2c(c1)S(=O)(=O)c1cc([*:2])ccc1-2
1;7;42;0.02;0.687089742;0.209658789;[*:1]c1ccc2c(c1)S(=O)(=O)c1cc([*:2])ccc1-2
1;7;42;0.04;0.785581052;0.17355405;[*:1]c1ccc2c(c1)S(=O)(=O)c1cc([*:2])ccc1-2
1;7;42;0.1;0.902308;0.117147405;[*:1]c1ccc2c(c1)S(=O)(=O)c1cc([*:2])ccc1-2
1;7;42;0.2;0.952574671;0.08162221;[*:1]c1ccc2c(c1)S(=O)(=O)c1cc([*:2])ccc1-2
0;7;421;0.01;0.444676472;0.266223157;[*:1]c1ccc2c(c1)S(=O)(=O)c1cc([*:2])ccc1-2
0;7;421;0.02;0.480619122;0.25746356;[*:1]c1ccc2c(c1)S(=O)(=O)c1cc([*:2])ccc1-2
0;7;421;0.04;0.732084166;0.184914932;[*:1]c1ccc2c(c1)S(=O)(=O)c1cc([*:2])ccc1-2
0;7;421;0.1;0.91535657;0.103936818;[*:1]c1ccc2c(c1)S(=O)(=O)c1cc([*:2])ccc1-2
0;7;421;0.2;0.951422064;0.07873944;[*:1]c1ccc2c(c1)S(=O)(=O)c1cc([*:2])ccc1-2
1;7;421;0.01;0.584543247;0.241582841;[*:1]c1ccc2c(c1)S(=O)(=O)c1cc([*:2])ccc1-2
1;7;421;0.02;0.715415244;0.199944282;[*:1]c1ccc2c(c1)S(=O)(=O)c1cc([*:2])ccc1-2
1;7;421;0.04;0.824584785;0.156977281;[*:1]c1ccc2c(c1)S(=O)(=O)c1cc([*:2])ccc1-2
1;7;421;0.1;0.898071392;0.119660612;[*:1]c1ccc2c(c1)S(=O)(=O)c1cc([*:2])ccc1-2
1;7;421;0.2;0.950138665;0.083692227;[*:1]c1ccc2c(c1)S(=O)(=O)c1cc([*:2])ccc1-2
0;7;422;0.01;-1.975.284.127;0.616221738;[*:1]c1ccc2c(c1)S(=O)(=O)c1cc([*:2])ccc1-2
0;7;422;0.02;0.604634269;0.224632351;[*:1]c1ccc2c(c1)S(=O)(=O)c1cc([*:2])ccc1-2
0;7;422;0.04;-0.027184711;0.362073771;[*:1]c1ccc2c(c1)S(=O)(=O)c1cc([*:2])ccc1-2
0;7;422;0.1;0.908907622;0.107823596;[*:1]c1ccc2c(c1)S(=O)(=O)c1cc([*:2])ccc1-2
0;7;422;0.2;0.933521988;0.092111065;[*:1]c1ccc2c(c1)S(=O)(=O)c1cc([*:2])ccc1-2
1;7;422;0.01;0.467195297;0.273581797;[*:1]c1ccc2c(c1)S(=O)(=O)c1cc([*:2])ccc1-2
1;7;422;0.02;0.612245122;0.233389766;[*:1]c1ccc2c(c1)S(=O)(=O)c1cc([*:2])ccc1-2
1;7;422;0.04;0.758487135;0.184193079;[*:1]c1ccc2c(c1)S(=O)(=O)c1cc([*:2])ccc1-2
1;7;422;0.1;0.938533128;0.092923109;[*:1]c1ccc2c(c1)S(=O)(=O)c1cc([*:2])ccc1-2
1;7;422;0.2;0.963355931;0.07174721;[*:1]c1ccc2c(c1)S(=O)(=O)c1cc([*:2])ccc1-2
0;8;42;0.01;0.701081104;0.319493689;[*:1]c1ccc2c(c1)[nH]c1cc([*:2])ccc12
0;8;42;0.02;0.807508617;0.256384193;[*:1]c1ccc2c(c1)[nH]c1cc([*:2])ccc12
0;8;42;0.04;0.784131067;0.271506775;[*:1]c1ccc2c(c1)[nH]c1cc([*:2])ccc12
0;8;42;0.1;0.906437399;0.178746168;[*:1]c1ccc2c(c1)[nH]c1cc([*:2])ccc12
0;8;42;0.2;0.950482318;0.130036644;[*:1]c1ccc2c(c1)[nH]c1cc([*:2])ccc12
1;8;42;0.01;0.274427149;0.202419094;[*:1]c1ccc2c(c1)[nH]c1cc([*:2])ccc12
1;8;42;0.02;0.711921657;0.127545832;[*:1]c1ccc2c(c1)[nH]c1cc([*:2])ccc12
1;8;42;0.04;0.796300816;0.107252052;[*:1]c1ccc2c(c1)[nH]c1cc([*:2])ccc12
1;8;42;0.1;0.907747246;0.072177301;[*:1]c1ccc2c(c1)[nH]c1cc([*:2])ccc12
1;8;42;0.2;0.93445976;0.060836606;[*:1]c1ccc2c(c1)[nH]c1cc([*:2])ccc12
0;8;421;0.01;0.712952001;0.313085432;[*:1]c1ccc2c(c1)[nH]c1cc([*:2])ccc12
0;8;421;0.02;0.794968382;0.264603764;[*:1]c1ccc2c(c1)[nH]c1cc([*:2])ccc12
0;8;421;0.04;0.821809772;0.246676365;[*:1]c1ccc2c(c1)[nH]c1cc([*:2])ccc12
0;8;421;0.1;0.913248702;0.172116929;[*:1]c1ccc2c(c1)[nH]c1cc([*:2])ccc12
0;8;421;0.2;0.972129589;0.097556742;[*:1]c1ccc2c(c1)[nH]c1cc([*:2])ccc12
1;8;421;0.01;0.400192034;0.184042058;[*:1]c1ccc2c(c1)[nH]c1cc([*:2])ccc12
1;8;421;0.02;0.060204762;0.230370882;[*:1]c1ccc2c(c1)[nH]c1cc([*:2])ccc12
1;8;421;0.04;0.617344486;0.146999194;[*:1]c1ccc2c(c1)[nH]c1cc([*:2])ccc12
1;8;421;0.1;0.9114656;0.070707745;[*:1]c1ccc2c(c1)[nH]c1cc([*:2])ccc12
1;8;421;0.2;0.953006604;0.051514487;[*:1]c1ccc2c(c1)[nH]c1cc([*:2])ccc12
0;8;422;0.01;0.25365455;0.504842075;[*:1]c1ccc2c(c1)[nH]c1cc([*:2])ccc12
0;8;422;0.02;0.799161459;0.261884098;[*:1]c1ccc2c(c1)[nH]c1cc([*:2])ccc12
0;8;422;0.04;0.811073551;0.253998984;[*:1]c1ccc2c(c1)[nH]c1cc([*:2])ccc12
0;8;422;0.1;0.903940406;0.181115647;[*:1]c1ccc2c(c1)[nH]c1cc([*:2])ccc12
0;8;422;0.2;0.947538464;0.133846217;[*:1]c1ccc2c(c1)[nH]c1cc([*:2])ccc12
1;8;422;0.01;0.264987862;0.203731518;[*:1]c1ccc2c(c1)[nH]c1cc([*:2])ccc12
1;8;422;0.02;0.650700157;0.140446254;[*:1]c1ccc2c(c1)[nH]c1cc([*:2])ccc12
1;8;422;0.04;0.52792212;0.163274285;[*:1]c1ccc2c(c1)[nH]c1cc([*:2])ccc12
1;8;422;0.1;0.754262682;0.117800334;[*:1]c1ccc2c(c1)[nH]c1cc([*:2])ccc12
1;8;422;0.2;0.901266938;0.074669332;[*:1]c1ccc2c(c1)[nH]c1cc([*:2])ccc12
