R2;RMSE;test_monomerA;PL;norm;seeds;percentage;pretraining
0.884278031639071;0.1787058005471451;[*:1]c1cc(F)c([*:2])cc1F;False;0;42;0.1;False
0.8341189617286711;0.1620974529152043;[*:1]c1cc2cc3sc([*:2])cc3cc2s1;False;0;42;0.1;False
0.8349222547971689;0.1631453840651901;[*:1]c1cc2ccc3cc([*:2])cc4ccc(c1)c2c34;False;0;42;0.1;False
0.7270239481569718;0.1915164706756907;[*:1]c1ccc(-c2ccc([*:2])s2)s1;False;0;42;0.1;False
0.4360758044675351;0.1823405698090092;[*:1]c1ccc([*:2])c2nsnc12;False;0;42;0.1;False
0.8389557333106741;0.2475881912312128;[*:1]c1ccc([*:2])cc1;False;0;42;0.1;False
0.8518367872632677;0.1913624885098201;[*:1]c1ccc2c(c1)C(C)(C)c1cc([*:2])ccc1-2;False;0;42;0.1;False
0.7393300407659953;0.1823972489473718;[*:1]c1ccc2c(c1)S(=O)(=O)c1cc([*:2])ccc1-2;False;0;42;0.1;False
0.8963063424731884;0.1881749006674681;[*:1]c1ccc2c(c1)[nH]c1cc([*:2])ccc12;False;0;42;0.1;False
-0.6238872444192185;0.6694354065043648;[*:1]c1cc(F)c([*:2])cc1F;False;0;42;0.01;False
0.1668797990321664;0.3632717706518554;[*:1]c1cc2cc3sc([*:2])cc3cc2s1;False;0;42;0.01;False
0.2874145825734887;0.3389604221012817;[*:1]c1cc2ccc3cc([*:2])cc4ccc(c1)c2c34;False;0;42;0.01;False
0.1767297111607421;0.3325945105553095;[*:1]c1ccc(-c2ccc([*:2])s2)s1;False;0;42;0.01;False
-2.5897015086537745;0.460046903697236;[*:1]c1ccc([*:2])c2nsnc12;False;0;42;0.01;False
-0.5893500596376535;0.7777984516339072;[*:1]c1ccc([*:2])cc1;False;0;42;0.01;False
-0.4196640672911726;0.5923513898334074;[*:1]c1ccc2c(c1)C(C)(C)c1cc([*:2])ccc1-2;False;0;42;0.01;False
0.0535457076224574;0.3475542585668201;[*:1]c1ccc2c(c1)S(=O)(=O)c1cc([*:2])ccc1-2;False;0;42;0.01;False
-0.0712869361197037;0.6048372125298376;[*:1]c1ccc2c(c1)[nH]c1cc([*:2])ccc12;False;0;42;0.01;False
0.8892544836378686;0.1748210883015574;[*:1]c1cc(F)c([*:2])cc1F;False;0;42;0.1;True
0.8218934380514795;0.1679646071034682;[*:1]c1cc2cc3sc([*:2])cc3cc2s1;False;0;42;0.1;True
0.6993781982578418;0.2201611896108336;[*:1]c1cc2ccc3cc([*:2])cc4ccc(c1)c2c34;False;0;42;0.1;True
0.8222773752080473;0.1545308577147131;[*:1]c1ccc(-c2ccc([*:2])s2)s1;False;0;42;0.1;True
0.6305531876176609;0.1475872719485282;[*:1]c1ccc([*:2])c2nsnc12;False;0;42;0.1;True
0.846689536884626;0.2415701064940314;[*:1]c1ccc([*:2])cc1;False;0;42;0.1;True
0.6903611654587855;0.2766395877612441;[*:1]c1ccc2c(c1)C(C)(C)c1cc([*:2])ccc1-2;False;0;42;0.1;True
0.8325296629247287;0.1461981034865646;[*:1]c1ccc2c(c1)S(=O)(=O)c1cc([*:2])ccc1-2;False;0;42;0.1;True
0.8916676817176576;0.192337788085832;[*:1]c1ccc2c(c1)[nH]c1cc([*:2])ccc12;False;0;42;0.1;True
-0.7570335791351535;0.6963390874629235;[*:1]c1cc(F)c([*:2])cc1F;False;0;42;0.01;True
0.5544530660257003;0.2656590087978386;[*:1]c1cc2cc3sc([*:2])cc3cc2s1;False;0;42;0.01;True
0.4366884625540256;0.3013733527958652;[*:1]c1cc2ccc3cc([*:2])cc4ccc(c1)c2c34;False;0;42;0.01;True
0.249238045986457;0.3176105967335991;[*:1]c1ccc(-c2ccc([*:2])s2)s1;False;0;42;0.01;True
-3.236322993556461;0.4997668847381551;[*:1]c1ccc([*:2])c2nsnc12;False;0;42;0.01;True
0.2932000677502326;0.5186872141490693;[*:1]c1ccc([*:2])cc1;False;0;42;0.01;True
-0.4554757056764473;0.5997760187210575;[*:1]c1ccc2c(c1)C(C)(C)c1cc([*:2])ccc1-2;False;0;42;0.01;True
-2.057428929421463;0.6246704712833445;[*:1]c1ccc2c(c1)S(=O)(=O)c1cc([*:2])ccc1-2;False;0;42;0.01;True
0.4853663341474002;0.4192129550671042;[*:1]c1ccc2c(c1)[nH]c1cc([*:2])ccc12;False;0;42;0.01;True
0.9364575868193266;0.1324227478138044;[*:1]c1cc(F)c([*:2])cc1F;False;0;42;0.2;False
0.9105027769983974;0.1190645837820273;[*:1]c1cc2cc3sc([*:2])cc3cc2s1;False;0;42;0.2;False
0.8600882118542486;0.150195762529251;[*:1]c1cc2ccc3cc([*:2])cc4ccc(c1)c2c34;False;0;42;0.2;False
0.85243578760775;0.1408102851149355;[*:1]c1ccc(-c2ccc([*:2])s2)s1;False;0;42;0.2;False
0.6923478879176472;0.1346799336481402;[*:1]c1ccc([*:2])c2nsnc12;False;0;42;0.2;False
0.9039976562325585;0.191160523388365;[*:1]c1ccc([*:2])cc1;False;0;42;0.2;False
0.8718626687154037;0.1779608428815603;[*:1]c1ccc2c(c1)C(C)(C)c1cc([*:2])ccc1-2;False;0;42;0.2;False
0.8584940741058963;0.1343878807583768;[*:1]c1ccc2c(c1)S(=O)(=O)c1cc([*:2])ccc1-2;False;0;42;0.2;False
0.9240521497743835;0.161043552205393;[*:1]c1ccc2c(c1)[nH]c1cc([*:2])ccc12;False;0;42;0.2;False
0.6518879315956208;0.3099490311434431;[*:1]c1cc(F)c([*:2])cc1F;False;0;42;0.02;False
0.6363253919799677;0.2400127471895418;[*:1]c1cc2cc3sc([*:2])cc3cc2s1;False;0;42;0.02;False
0.3378931192651687;0.3267341862209846;[*:1]c1cc2ccc3cc([*:2])cc4ccc(c1)c2c34;False;0;42;0.02;False
-1.0025423233642807;0.5187220476725558;[*:1]c1ccc(-c2ccc([*:2])s2)s1;False;0;42;0.02;False
0.0603627672638835;0.2353710538636168;[*:1]c1ccc([*:2])c2nsnc12;False;0;42;0.02;False
0.3177462279816118;0.5096009931520067;[*:1]c1ccc([*:2])cc1;False;0;42;0.02;False
0.4853120879606607;0.3566634457111138;[*:1]c1ccc2c(c1)C(C)(C)c1cc([*:2])ccc1-2;False;0;42;0.02;False
0.1118137395053162;0.3366858131657194;[*:1]c1ccc2c(c1)S(=O)(=O)c1cc([*:2])ccc1-2;False;0;42;0.02;False
0.6217116661635476;0.3594157238333395;[*:1]c1ccc2c(c1)[nH]c1cc([*:2])ccc12;False;0;42;0.02;False
0.933650190559649;0.135316446132471;[*:1]c1cc(F)c([*:2])cc1F;False;0;42;0.2;True
0.8988936028519334;0.1265514529356663;[*:1]c1cc2cc3sc([*:2])cc3cc2s1;False;0;42;0.2;True
0.8795562586856185;0.1393550287537071;[*:1]c1cc2ccc3cc([*:2])cc4ccc(c1)c2c34;False;0;42;0.2;True
0.9062970320948032;0.1122071493485829;[*:1]c1ccc(-c2ccc([*:2])s2)s1;False;0;42;0.2;True
0.6579950837122637;0.1420002528846141;[*:1]c1ccc([*:2])c2nsnc12;False;0;42;0.2;True
0.8985578907920839;0.1965017526342131;[*:1]c1ccc([*:2])cc1;False;0;42;0.2;True
0.8421710385467678;0.1975058510906694;[*:1]c1ccc2c(c1)C(C)(C)c1cc([*:2])ccc1-2;False;0;42;0.2;True
0.8131439400723529;0.1544281202781509;[*:1]c1ccc2c(c1)S(=O)(=O)c1cc([*:2])ccc1-2;False;0;42;0.2;True
0.935406531303482;0.1485182770121866;[*:1]c1ccc2c(c1)[nH]c1cc([*:2])ccc12;False;0;42;0.2;True
0.7177855220074212;0.2790746496673113;[*:1]c1cc(F)c([*:2])cc1F;False;0;42;0.02;True
0.5552846938876046;0.2654109624014336;[*:1]c1cc2cc3sc([*:2])cc3cc2s1;False;0;42;0.02;True
0.3851369595260701;0.3148616164250992;[*:1]c1cc2ccc3cc([*:2])cc4ccc(c1)c2c34;False;0;42;0.02;True
0.1655226187219642;0.3348506455406893;[*:1]c1ccc(-c2ccc([*:2])s2)s1;False;0;42;0.02;True
-0.4075018781420312;0.2880696034665582;[*:1]c1ccc([*:2])c2nsnc12;False;0;42;0.02;True
0.4642709404157534;0.4515750048092591;[*:1]c1ccc([*:2])cc1;False;0;42;0.02;True
0.4442518278121583;0.370617257641502;[*:1]c1ccc2c(c1)C(C)(C)c1cc([*:2])ccc1-2;False;0;42;0.02;True
-0.5517846695182187;0.4450292129371135;[*:1]c1ccc2c(c1)S(=O)(=O)c1cc([*:2])ccc1-2;False;0;42;0.02;True
0.4892184156265248;0.4176410839072627;[*:1]c1ccc2c(c1)[nH]c1cc([*:2])ccc12;False;0;42;0.02;True
0.7124272353073428;0.2817115282515005;[*:1]c1cc(F)c([*:2])cc1F;False;0;42;0.04;False
0.631303065493781;0.2416643460876083;[*:1]c1cc2cc3sc([*:2])cc3cc2s1;False;0;42;0.04;False
-0.5399058019194223;0.4982847596066457;[*:1]c1cc2ccc3cc([*:2])cc4ccc(c1)c2c34;False;0;42;0.04;False
0.2161250775126122;0.3245392597171657;[*:1]c1ccc(-c2ccc([*:2])s2)s1;False;0;42;0.04;False
-0.5591365191432622;0.3031900993137991;[*:1]c1ccc([*:2])c2nsnc12;False;0;42;0.04;False
0.7098742039220738;0.3323153984244866;[*:1]c1ccc([*:2])cc1;False;0;42;0.04;False
0.2990396341834883;0.4162299702161526;[*:1]c1ccc2c(c1)C(C)(C)c1cc([*:2])ccc1-2;False;0;42;0.04;False
-1.0061086740027565;0.5059994205872748;[*:1]c1ccc2c(c1)S(=O)(=O)c1cc([*:2])ccc1-2;False;0;42;0.04;False
0.5350859695199524;0.3984482513255324;[*:1]c1ccc2c(c1)[nH]c1cc([*:2])ccc12;False;0;42;0.04;False
0.7771676304943997;0.247981842503749;[*:1]c1cc(F)c([*:2])cc1F;False;0;42;0.04;True
0.7454225999618673;0.2008111122400232;[*:1]c1cc2cc3sc([*:2])cc3cc2s1;False;0;42;0.04;True
-0.1988455703759162;0.4396551330610795;[*:1]c1cc2ccc3cc([*:2])cc4ccc(c1)c2c34;False;0;42;0.04;True
0.459962016742743;0.2693742070862192;[*:1]c1ccc(-c2ccc([*:2])s2)s1;False;0;42;0.04;True
-2.181565978783297;0.4331052122089071;[*:1]c1ccc([*:2])c2nsnc12;False;0;42;0.04;True
0.6483050889277993;0.3658814024579396;[*:1]c1ccc([*:2])cc1;False;0;42;0.04;True
0.4669227530746923;0.3629791587405285;[*:1]c1ccc2c(c1)C(C)(C)c1cc([*:2])ccc1-2;False;0;42;0.04;True
-0.5197219295550441;0.4404076527206021;[*:1]c1ccc2c(c1)S(=O)(=O)c1cc([*:2])ccc1-2;False;0;42;0.04;True
0.7355845901910172;0.3004892775982049;[*:1]c1ccc2c(c1)[nH]c1cc([*:2])ccc12;False;0;42;0.04;True
0.8524138736982995;0.2018150316002139;[*:1]c1cc(F)c([*:2])cc1F;False;0;421;0.1;False
0.8738985653325768;0.1413311302191094;[*:1]c1cc2cc3sc([*:2])cc3cc2s1;False;0;421;0.1;False
0.8736163050610509;0.1427499782107132;[*:1]c1cc2ccc3cc([*:2])cc4ccc(c1)c2c34;False;0;421;0.1;False
0.8886473973198311;0.1223190338134794;[*:1]c1ccc(-c2ccc([*:2])s2)s1;False;0;421;0.1;False
0.2638703837225229;0.2083291724420126;[*:1]c1ccc([*:2])c2nsnc12;False;0;421;0.1;False
0.8651529985942421;0.2265572370869546;[*:1]c1ccc([*:2])cc1;False;0;421;0.1;False
0.9002976214835168;0.1569782113132164;[*:1]c1ccc2c(c1)C(C)(C)c1cc([*:2])ccc1-2;False;0;421;0.1;False
0.8639232857635302;0.131784610922817;[*:1]c1ccc2c(c1)S(=O)(=O)c1cc([*:2])ccc1-2;False;0;421;0.1;False
0.8787710042994922;0.203464596947912;[*:1]c1ccc2c(c1)[nH]c1cc([*:2])ccc12;False;0;421;0.1;False
0.3154639006279416;0.434639228552299;[*:1]c1cc(F)c([*:2])cc1F;False;0;421;0.01;False
0.2123308464010135;0.3532236201584034;[*:1]c1cc2cc3sc([*:2])cc3cc2s1;False;0;421;0.01;False
-0.006622873451151;0.4028690679966282;[*:1]c1cc2ccc3cc([*:2])cc4ccc(c1)c2c34;False;0;421;0.01;False
-0.5490014973478607;0.4562152249174069;[*:1]c1ccc(-c2ccc([*:2])s2)s1;False;0;421;0.01;False
-2.940188779696111;0.4819827089352139;[*:1]c1ccc([*:2])c2nsnc12;False;0;421;0.01;False
-0.758632948535978;0.8181725332247815;[*:1]c1ccc([*:2])cc1;False;0;421;0.01;False
0.0204000268173536;0.4920519972693294;[*:1]c1ccc2c(c1)C(C)(C)c1cc([*:2])ccc1-2;False;0;421;0.01;False
0.259464418403949;0.3074296544620165;[*:1]c1ccc2c(c1)S(=O)(=O)c1cc([*:2])ccc1-2;False;0;421;0.01;False
0.3787820789716921;0.4605826632523588;[*:1]c1ccc2c(c1)[nH]c1cc([*:2])ccc12;False;0;421;0.01;False
0.8836359289232717;0.1792009042325501;[*:1]c1cc(F)c([*:2])cc1F;False;0;421;0.1;True
0.8989688628883568;0.1265043439481634;[*:1]c1cc2cc3sc([*:2])cc3cc2s1;False;0;421;0.1;True
0.8215823877913797;0.169609193064146;[*:1]c1cc2ccc3cc([*:2])cc4ccc(c1)c2c34;False;0;421;0.1;True
0.8699103521178082;0.1322102799573332;[*:1]c1ccc(-c2ccc([*:2])s2)s1;False;0;421;0.1;True
0.1772630556840775;0.2202436739162755;[*:1]c1ccc([*:2])c2nsnc12;False;0;421;0.1;True
0.8344537772285798;0.2510249741292865;[*:1]c1ccc([*:2])cc1;False;0;421;0.1;True
0.766310046380621;0.2403292537277254;[*:1]c1ccc2c(c1)C(C)(C)c1cc([*:2])ccc1-2;False;0;421;0.1;True
0.8551549133475427;0.1359642325422259;[*:1]c1ccc2c(c1)S(=O)(=O)c1cc([*:2])ccc1-2;False;0;421;0.1;True
0.9003927830529785;0.1844297602743829;[*:1]c1ccc2c(c1)[nH]c1cc([*:2])ccc12;False;0;421;0.1;True
-0.0033109448780244;0.5261971823517214;[*:1]c1cc(F)c([*:2])cc1F;False;0;421;0.01;True
0.4182794190619074;0.3035533518822648;[*:1]c1cc2cc3sc([*:2])cc3cc2s1;False;0;421;0.01;True
-0.1589158329874129;0.4322713721224583;[*:1]c1cc2ccc3cc([*:2])cc4ccc(c1)c2c34;False;0;421;0.01;True
0.3791365764896964;0.288829729442192;[*:1]c1ccc(-c2ccc([*:2])s2)s1;False;0;421;0.01;True
-2.373889241784313;0.4460035895197216;[*:1]c1ccc([*:2])c2nsnc12;False;0;421;0.01;True
-0.3353428867515813;0.7129411652944423;[*:1]c1ccc([*:2])cc1;False;0;421;0.01;True
0.2830879092590139;0.4209393916857801;[*:1]c1ccc2c(c1)C(C)(C)c1cc([*:2])ccc1-2;False;0;421;0.01;True
0.1266568418557093;0.3338606640190065;[*:1]c1ccc2c(c1)S(=O)(=O)c1cc([*:2])ccc1-2;False;0;421;0.01;True
0.51123115594275;0.4085426071478216;[*:1]c1ccc2c(c1)[nH]c1cc([*:2])ccc12;False;0;421;0.01;True
0.9100230185853984;0.1575783152373856;[*:1]c1cc(F)c([*:2])cc1F;False;0;421;0.2;False
0.8868715347544174;0.133863990079712;[*:1]c1cc2cc3sc([*:2])cc3cc2s1;False;0;421;0.2;False
0.9012132567951308;0.1262059587737404;[*:1]c1cc2ccc3cc([*:2])cc4ccc(c1)c2c34;False;0;421;0.2;False
0.9352928554433544;0.0932438019937105;[*:1]c1ccc(-c2ccc([*:2])s2)s1;False;0;421;0.2;False
0.6596703149323735;0.1416520484216329;[*:1]c1ccc([*:2])c2nsnc12;False;0;421;0.2;False
0.8783102954119704;0.2152207851391592;[*:1]c1ccc([*:2])cc1;False;0;421;0.2;False
0.904452486210938;0.1536725550417153;[*:1]c1ccc2c(c1)C(C)(C)c1cc([*:2])ccc1-2;False;0;421;0.2;False
0.9389810458877242;0.0882480609175745;[*:1]c1ccc2c(c1)S(=O)(=O)c1cc([*:2])ccc1-2;False;0;421;0.2;False
0.934755511509444;0.1492648380523291;[*:1]c1ccc2c(c1)[nH]c1cc([*:2])ccc12;False;0;421;0.2;False
0.594295885293143;0.3346073292103876;[*:1]c1cc(F)c([*:2])cc1F;False;0;421;0.02;False
0.2551931735400535;0.3434785670766164;[*:1]c1cc2cc3sc([*:2])cc3cc2s1;False;0;421;0.02;False
0.4074922768198572;0.3090847190438226;[*:1]c1cc2ccc3cc([*:2])cc4ccc(c1)c2c34;False;0;421;0.02;False
0.5050047522908703;0.2578958600103018;[*:1]c1ccc(-c2ccc([*:2])s2)s1;False;0;421;0.02;False
-1.1966235520121271;0.3598742403671885;[*:1]c1ccc([*:2])c2nsnc12;False;0;421;0.02;False
0.6279375805785494;0.3763268418831028;[*:1]c1ccc([*:2])cc1;False;0;421;0.02;False
0.3187332286329826;0.4103412906538727;[*:1]c1ccc2c(c1)C(C)(C)c1cc([*:2])ccc1-2;False;0;421;0.02;False
0.5392559408620424;0.2424949304315576;[*:1]c1ccc2c(c1)S(=O)(=O)c1cc([*:2])ccc1-2;False;0;421;0.02;False
0.7021701946396361;0.3189111308957749;[*:1]c1ccc2c(c1)[nH]c1cc([*:2])ccc12;False;0;421;0.02;False
0.9105416504051568;0.1571235142723732;[*:1]c1cc(F)c([*:2])cc1F;False;0;421;0.2;True
0.8963995818429581;0.1281027852375324;[*:1]c1cc2cc3sc([*:2])cc3cc2s1;False;0;421;0.2;True
0.8994083677971216;0.1273536668792038;[*:1]c1cc2ccc3cc([*:2])cc4ccc(c1)c2c34;False;0;421;0.2;True
0.922550565917785;0.1020124035248326;[*:1]c1ccc(-c2ccc([*:2])s2)s1;False;0;421;0.2;True
0.5979560645262705;0.1539606376208124;[*:1]c1ccc([*:2])c2nsnc12;False;0;421;0.2;True
0.902849045180394;0.1923006842821213;[*:1]c1ccc([*:2])cc1;False;0;421;0.2;True
0.7918990001495197;0.2267898950912059;[*:1]c1ccc2c(c1)C(C)(C)c1cc([*:2])ccc1-2;False;0;421;0.2;True
0.9396710069689046;0.0877477178048293;[*:1]c1ccc2c(c1)S(=O)(=O)c1cc([*:2])ccc1-2;False;0;421;0.2;True
0.9188882443485598;0.1664284236192698;[*:1]c1ccc2c(c1)[nH]c1cc([*:2])ccc12;False;0;421;0.2;True
0.6674466960799159;0.302943317302721;[*:1]c1cc(F)c([*:2])cc1F;False;0;421;0.02;True
0.6335488355815319;0.2409272209858439;[*:1]c1cc2cc3sc([*:2])cc3cc2s1;False;0;421;0.02;True
0.0749532726918904;0.3862000823366489;[*:1]c1cc2ccc3cc([*:2])cc4ccc(c1)c2c34;False;0;421;0.02;True
-0.2815915777733462;0.4149718893450528;[*:1]c1ccc(-c2ccc([*:2])s2)s1;False;0;421;0.02;True
-0.4040543524112405;0.2877165892818302;[*:1]c1ccc([*:2])c2nsnc12;False;0;421;0.02;True
0.588852390895189;0.3955999040036498;[*:1]c1ccc([*:2])cc1;False;0;421;0.02;True
0.3833238931432264;0.3904048261064002;[*:1]c1ccc2c(c1)C(C)(C)c1cc([*:2])ccc1-2;False;0;421;0.02;True
0.562557365688954;0.2362834730603477;[*:1]c1ccc2c(c1)S(=O)(=O)c1cc([*:2])ccc1-2;False;0;421;0.02;True
0.6670289341145619;0.3372009946055483;[*:1]c1ccc2c(c1)[nH]c1cc([*:2])ccc12;False;0;421;0.02;True
0.4422378574289998;0.3923333803228088;[*:1]c1cc(F)c([*:2])cc1F;False;0;421;0.04;False
0.5074337381516869;0.2793252197078313;[*:1]c1cc2cc3sc([*:2])cc3cc2s1;False;0;421;0.04;False
0.6952538310667802;0.2216662906388844;[*:1]c1cc2ccc3cc([*:2])cc4ccc(c1)c2c34;False;0;421;0.04;False
0.6518243071694261;0.2162933066033268;[*:1]c1ccc(-c2ccc([*:2])s2)s1;False;0;421;0.04;False
-0.1006868786085757;0.2547445127040877;[*:1]c1ccc([*:2])c2nsnc12;False;0;421;0.04;False
0.5871010970610917;0.3964415427024053;[*:1]c1ccc([*:2])cc1;False;0;421;0.04;False
0.2039204760264269;0.4435727348571568;[*:1]c1ccc2c(c1)C(C)(C)c1cc([*:2])ccc1-2;False;0;421;0.04;False
0.695341970499;0.1971873752026679;[*:1]c1ccc2c(c1)S(=O)(=O)c1cc([*:2])ccc1-2;False;0;421;0.04;False
0.6243773207369754;0.3581471518756607;[*:1]c1ccc2c(c1)[nH]c1cc([*:2])ccc12;False;0;421;0.04;False
0.5485679330889726;0.352961182689076;[*:1]c1cc(F)c([*:2])cc1F;False;0;421;0.04;True
0.4810425471901864;0.2867105638666887;[*:1]c1cc2cc3sc([*:2])cc3cc2s1;False;0;421;0.04;True
0.6341988726451221;0.2428583535030196;[*:1]c1cc2ccc3cc([*:2])cc4ccc(c1)c2c34;False;0;421;0.04;True
0.5439913521428195;0.2475314553023934;[*:1]c1ccc(-c2ccc([*:2])s2)s1;False;0;421;0.04;True
0.3006616549000682;0.203056368090452;[*:1]c1ccc([*:2])c2nsnc12;False;0;421;0.04;True
0.7229259739972902;0.3247545171720531;[*:1]c1ccc([*:2])cc1;False;0;421;0.04;True
-0.0829675771653628;0.517361782158588;[*:1]c1ccc2c(c1)C(C)(C)c1cc([*:2])ccc1-2;False;0;421;0.04;True
0.6038490247517514;0.2248553143546295;[*:1]c1ccc2c(c1)S(=O)(=O)c1cc([*:2])ccc1-2;False;0;421;0.04;True
0.6684658766186915;0.3364726094981539;[*:1]c1ccc2c(c1)[nH]c1cc([*:2])ccc12;False;0;421;0.04;True
0.8773729331362807;0.1839602171254649;[*:1]c1cc(F)c([*:2])cc1F;False;0;422;0.1;False
0.7137552514096137;0.2129347696196029;[*:1]c1cc2cc3sc([*:2])cc3cc2s1;False;0;422;0.1;False
0.7888395839543714;0.1845171682853383;[*:1]c1cc2ccc3cc([*:2])cc4ccc(c1)c2c34;False;0;422;0.1;False
0.7343653117025069;0.1889236160335745;[*:1]c1ccc(-c2ccc([*:2])s2)s1;False;0;422;0.1;False
0.6102636399584209;0.1515857600551892;[*:1]c1ccc([*:2])c2nsnc12;False;0;422;0.1;False
0.8279557990906034;0.2559041401649733;[*:1]c1ccc([*:2])cc1;False;0;422;0.1;False
0.55828262877384;0.3304143161742101;[*:1]c1ccc2c(c1)C(C)(C)c1cc([*:2])ccc1-2;False;0;422;0.1;False
0.8337971600839463;0.1456438034290931;[*:1]c1ccc2c(c1)S(=O)(=O)c1cc([*:2])ccc1-2;False;0;422;0.1;False
0.8692180123050658;0.211329227560119;[*:1]c1ccc2c(c1)[nH]c1cc([*:2])ccc12;False;0;422;0.1;False
-0.7419644594369039;0.6933465969279017;[*:1]c1cc(F)c([*:2])cc1F;False;0;422;0.01;False
0.3806526066155838;0.3132167473677996;[*:1]c1cc2cc3sc([*:2])cc3cc2s1;False;0;422;0.01;False
-0.0698087012367458;0.4153207116198906;[*:1]c1cc2ccc3cc([*:2])cc4ccc(c1)c2c34;False;0;422;0.01;False
0.1381666973523878;0.340294940243482;[*:1]c1ccc(-c2ccc([*:2])s2)s1;False;0;422;0.01;False
-3.5053313867731752;0.5153903867348086;[*:1]c1ccc([*:2])c2nsnc12;False;0;422;0.01;False
-1.052369280664307;0.8838631868711788;[*:1]c1ccc([*:2])cc1;False;0;422;0.01;False
-0.9292833193066954;0.690533291609065;[*:1]c1ccc2c(c1)C(C)(C)c1cc([*:2])ccc1-2;False;0;422;0.01;False
0.3431055358175026;0.2895480154610864;[*:1]c1ccc2c(c1)S(=O)(=O)c1cc([*:2])ccc1-2;False;0;422;0.01;False
0.1685369376513235;0.532852587493148;[*:1]c1ccc2c(c1)[nH]c1cc([*:2])ccc12;False;0;422;0.01;False
0.8796406063047435;0.1822513436939047;[*:1]c1cc(F)c([*:2])cc1F;False;0;422;0.1;True
0.8049490704861091;0.1757728645137838;[*:1]c1cc2cc3sc([*:2])cc3cc2s1;False;0;422;0.1;True
0.8579148929408498;0.1513577997776057;[*:1]c1cc2ccc3cc([*:2])cc4ccc(c1)c2c34;False;0;422;0.1;True
0.7992228394592067;0.1642483478575403;[*:1]c1ccc(-c2ccc([*:2])s2)s1;False;0;422;0.1;True
0.6236258584067111;0.1489645168265028;[*:1]c1ccc([*:2])c2nsnc12;False;0;422;0.1;True
0.8397648035841786;0.2469654789922474;[*:1]c1ccc([*:2])cc1;False;0;422;0.1;True
0.5106463351993222;0.3477747437245994;[*:1]c1ccc2c(c1)C(C)(C)c1cc([*:2])ccc1-2;False;0;422;0.1;True
0.8632973470526613;0.132087360909027;[*:1]c1ccc2c(c1)S(=O)(=O)c1cc([*:2])ccc1-2;False;0;422;0.1;True
0.8910394111202832;0.1928947109078252;[*:1]c1ccc2c(c1)[nH]c1cc([*:2])ccc12;False;0;422;0.1;True
0.2840569527123305;0.4444981739995502;[*:1]c1cc(F)c([*:2])cc1F;False;0;422;0.01;True
0.4321848595509583;0.2999033399894126;[*:1]c1cc2cc3sc([*:2])cc3cc2s1;False;0;422;0.01;True
0.3784590537155599;0.3165668238034659;[*:1]c1cc2ccc3cc([*:2])cc4ccc(c1)c2c34;False;0;422;0.01;True
-0.216204582360233;0.4042473424141976;[*:1]c1ccc(-c2ccc([*:2])s2)s1;False;0;422;0.01;True
-4.6135745274635385;0.5752977688260796;[*:1]c1ccc([*:2])c2nsnc12;False;0;422;0.01;True
0.2565316385198747;0.5319717118487184;[*:1]c1ccc([*:2])cc1;False;0;422;0.01;True
-0.5607283255441999;0.621083902115492;[*:1]c1ccc2c(c1)C(C)(C)c1cc([*:2])ccc1-2;False;0;422;0.01;True
-0.4790160591708992;0.4344694423074407;[*:1]c1ccc2c(c1)S(=O)(=O)c1cc([*:2])ccc1-2;False;0;422;0.01;True
0.5293963740528198;0.4008789325346654;[*:1]c1ccc2c(c1)[nH]c1cc([*:2])ccc12;False;0;422;0.01;True
0.9063442240892384;0.1607674141281015;[*:1]c1cc(F)c([*:2])cc1F;False;0;422;0.2;False
0.9236056891989264;0.1100039618574375;[*:1]c1cc2cc3sc([*:2])cc3cc2s1;False;0;422;0.2;False
0.9045117577732168;0.1240810545767569;[*:1]c1cc2ccc3cc([*:2])cc4ccc(c1)c2c34;False;0;422;0.2;False
0.9187881768417724;0.1044608332882311;[*:1]c1ccc(-c2ccc([*:2])s2)s1;False;0;422;0.2;False
0.8226080090591401;0.102268043450976;[*:1]c1ccc([*:2])c2nsnc12;False;0;422;0.2;False
0.8927180130244841;0.2020787734703387;[*:1]c1ccc([*:2])cc1;False;0;422;0.2;False
0.6679134869200569;0.2864918261791813;[*:1]c1ccc2c(c1)C(C)(C)c1cc([*:2])ccc1-2;False;0;422;0.2;False
0.8965271768130184;0.1149174395518769;[*:1]c1ccc2c(c1)S(=O)(=O)c1cc([*:2])ccc1-2;False;0;422;0.2;False
0.8934318525615428;0.190765267927329;[*:1]c1ccc2c(c1)[nH]c1cc([*:2])ccc12;False;0;422;0.2;False
0.246857257177949;0.4558997888978232;[*:1]c1cc(F)c([*:2])cc1F;False;0;422;0.02;False
0.5306808853059276;0.272654041529723;[*:1]c1cc2cc3sc([*:2])cc3cc2s1;False;0;422;0.02;False
0.4569861414895076;0.2958938804151256;[*:1]c1cc2ccc3cc([*:2])cc4ccc(c1)c2c34;False;0;422;0.02;False
0.1824095986631235;0.3314452106073672;[*:1]c1ccc(-c2ccc([*:2])s2)s1;False;0;422;0.02;False
-2.4519357316890527;0.4511326857210204;[*:1]c1ccc([*:2])c2nsnc12;False;0;422;0.02;False
0.393558409877536;0.4804539651081735;[*:1]c1ccc([*:2])cc1;False;0;422;0.02;False
0.1500686682901081;0.4583302653197413;[*:1]c1ccc2c(c1)C(C)(C)c1cc([*:2])ccc1-2;False;0;422;0.02;False
0.5229344754619867;0.246752640202552;[*:1]c1ccc2c(c1)S(=O)(=O)c1cc([*:2])ccc1-2;False;0;422;0.02;False
0.5536076823759094;0.3904306957614504;[*:1]c1ccc2c(c1)[nH]c1cc([*:2])ccc12;False;0;422;0.02;False
0.8765498977645677;0.1845765270937009;[*:1]c1cc(F)c([*:2])cc1F;False;0;422;0.2;True
0.925168706814655;0.1088728128241801;[*:1]c1cc2cc3sc([*:2])cc3cc2s1;False;0;422;0.2;True
0.850953306641079;0.1550214159228039;[*:1]c1cc2ccc3cc([*:2])cc4ccc(c1)c2c34;False;0;422;0.2;True
0.8971359530457677;0.1175643532663511;[*:1]c1ccc(-c2ccc([*:2])s2)s1;False;0;422;0.2;True
0.7715425651242893;0.1160581360745582;[*:1]c1ccc([*:2])c2nsnc12;False;0;422;0.2;True
0.938736392446601;0.1527068703074078;[*:1]c1ccc([*:2])cc1;False;0;422;0.2;True
0.7672191687134566;0.2398613226100245;[*:1]c1ccc2c(c1)C(C)(C)c1cc([*:2])ccc1-2;False;0;422;0.2;True
0.9397657701389106;0.0876787748356782;[*:1]c1ccc2c(c1)S(=O)(=O)c1cc([*:2])ccc1-2;False;0;422;0.2;True
0.918737595746919;0.166582905409581;[*:1]c1ccc2c(c1)[nH]c1cc([*:2])ccc12;False;0;422;0.2;True
0.522140960175423;0.3631454828317004;[*:1]c1cc(F)c([*:2])cc1F;False;0;422;0.02;True
0.4870161124564059;0.2850556677110927;[*:1]c1cc2cc3sc([*:2])cc3cc2s1;False;0;422;0.02;True
0.4246969026304001;0.304564220890399;[*:1]c1cc2ccc3cc([*:2])cc4ccc(c1)c2c34;False;0;422;0.02;True
0.333590996968264;0.2992363051418181;[*:1]c1ccc(-c2ccc([*:2])s2)s1;False;0;422;0.02;True
-2.034727221065216;0.4229926035942491;[*:1]c1ccc([*:2])c2nsnc12;False;0;422;0.02;True
0.5397224678754113;0.4185691160259412;[*:1]c1ccc([*:2])cc1;False;0;422;0.02;True
0.536634455155957;0.3384141278095497;[*:1]c1ccc2c(c1)C(C)(C)c1cc([*:2])ccc1-2;False;0;422;0.02;True
0.3284566457238189;0.2927587063865222;[*:1]c1ccc2c(c1)S(=O)(=O)c1cc([*:2])ccc1-2;False;0;422;0.02;True
0.6645742965064881;0.3384416225120525;[*:1]c1ccc2c(c1)[nH]c1cc([*:2])ccc12;False;0;422;0.02;True
0.7782780054527004;0.2473632234334464;[*:1]c1cc(F)c([*:2])cc1F;False;0;422;0.04;False
0.5816689914060705;0.2574173689117731;[*:1]c1cc2cc3sc([*:2])cc3cc2s1;False;0;422;0.04;False
0.5765854184357575;0.2612843703387166;[*:1]c1cc2ccc3cc([*:2])cc4ccc(c1)c2c34;False;0;422;0.04;False
0.2060769268898605;0.3266126998304816;[*:1]c1ccc(-c2ccc([*:2])s2)s1;False;0;422;0.04;False
-0.3546033886792625;0.2826044669197691;[*:1]c1ccc([*:2])c2nsnc12;False;0;422;0.04;False
0.745214803876808;0.3114184854302348;[*:1]c1ccc([*:2])cc1;False;0;422;0.04;False
0.1198775145672894;0.4663996060864156;[*:1]c1ccc2c(c1)C(C)(C)c1cc([*:2])ccc1-2;False;0;422;0.04;False
-0.5023498792363179;0.4378832521099248;[*:1]c1ccc2c(c1)S(=O)(=O)c1cc([*:2])ccc1-2;False;0;422;0.04;False
0.724597680370965;0.3066686601213741;[*:1]c1ccc2c(c1)[nH]c1cc([*:2])ccc12;False;0;422;0.04;False
0.7973359747787192;0.2364934273915198;[*:1]c1cc(F)c([*:2])cc1F;False;0;422;0.04;True
0.6968869772700303;0.2191190397056454;[*:1]c1cc2cc3sc([*:2])cc3cc2s1;False;0;422;0.04;True
0.720652043971287;0.2122282903496574;[*:1]c1cc2ccc3cc([*:2])cc4ccc(c1)c2c34;False;0;422;0.04;True
0.5202797706011055;0.2538854848668679;[*:1]c1ccc(-c2ccc([*:2])s2)s1;False;0;422;0.04;True
-0.0445386081338095;0.2481619492560966;[*:1]c1ccc([*:2])c2nsnc12;False;0;422;0.04;True
0.7469541642418112;0.3103536735604368;[*:1]c1ccc([*:2])cc1;False;0;422;0.04;True
0.2658236837325346;0.4259776388362259;[*:1]c1ccc2c(c1)C(C)(C)c1cc([*:2])ccc1-2;False;0;422;0.04;True
-0.0483709730724164;0.3657887004556449;[*:1]c1ccc2c(c1)S(=O)(=O)c1cc([*:2])ccc1-2;False;0;422;0.04;True
0.7728007016974;0.2785409751162481;[*:1]c1ccc2c(c1)[nH]c1cc([*:2])ccc12;False;0;422;0.04;True
